model,rouge1_prec,rouge1_recall,rouge1_fmeasure,rougeL_prec,rougeL_recall,rougeL_fmeasure
facebook/bart-large-cnn,0.17923657447821756,0.3733310139587743,0.22334199767070884,0.11410521507922977,0.23678706201672076,0.1417605202148881
facebook/bart-large-xsum,0.08655464522711162,0.693767256547195,0.14499476851943016,0.06397337254591473,0.529559672011566,0.1075001671232258
distillbart_cnn_protocols,0.27235932057715195,0.5079984736891807,0.32587854112182946,0.16434014566125213,0.30307634398036293,0.19498094814829126
distillbart_cnn_protocols_5epochs,0.31255265260804205,0.5167285272143162,0.36148575924564114,0.1958300176223994,0.31190823181329114,0.22209778958825407
distillbart_xsum_protocols,0.20466150300528085,0.6171505165696453,0.2879546301481149,0.13315006891898234,0.39989569854661644,0.18701843726069942
tfidf_extractive,0.29965674163438477,0.23013313467788457,0.24215590463994321,0.16650983175220446,0.12609182129038576,0.13274466227681178
